Name,Position,Appearances,Club,Age,Country
Dominic Hyam,Defender,9,Coventry City,25 ,Scotland
Sam Surridge,Forward,12,Stoke City,23 ,England
Ryan Christie,Midfielder,18,AFC Bournemouth,26 ,Scotland
Ryan Nyambe,Defender,7,Blackburn Rovers,23 ,England
Karlan Ahearne-Grant,Forward,9,West Bromwich Albion,23 ,England
Billy Mitchell,Midfielder,7,Millwall,0 ,England
Ryan Giles,Midfielder,6,Cardiff City,21 ,England
Adam Reach,Defender,6,West Bromwich Albion,28 ,England
Rayhaan Rahim Amari Tulloch,Midfielder,1,West Bromwich Albion,20 ,England
Romal Palmer,Midfielder,8,Barnsley,22 ,England
Joe Ward,Forward,10,Peterborough United,26 ,England
Alejandro Vallejo Mínguez,Midfielder,5,Huddersfield Town,29 ,Spain
Benjamin Williams,Defender,4,Barnsley,22 ,Wales
Jordi Osei-Tutu,Defender,2,Nottingham Forest,22 ,England
Kwame Poku,Midfielder,1,Peterborough United,0 ,England
Sam Baldock,Forward,6,Derby County,32 ,England
Jahmari Clarke,Forward,7,Reading U23,0 ,England
Andre Dozzell,Midfielder,8,Queens Park Rangers,22 ,England
Ryan Woods,Goalkeeper,5,Flint Town United,0 ,England
James Scott,Forward,6,Hibernian,21 ,Scotland
Oluwatosin Adarabioyo,Defender,10,Fulham,23 ,England
Neeskens Kebano,Midfielder,10,Fulham,29 ,Congo DR
Sam McCallum,Defender,4,Queens Park Rangers,0 ,England
Frankie Kent,Defender,10,Peterborough United,25 ,England
Claudio Gomes,Midfielder,3,Barnsley,21 ,France
Jack Robinson,Midfielder,3,Middlesbrough U23,20 ,England
Gavin Kilkenny,Midfielder,4,AFC Bournemouth,21 ,Republic of Ireland
Chukwuemeka Ademola Amachi Aneke,Midfielder,9,Birmingham City,28 ,England
Fraizer Campbell,Forward,8,Huddersfield Town,33 ,England
Abdul Rahman Baba,Defender,5,Reading,27 ,Ghana
Sam Bowen,Midfielder,2,Cardiff City,20 ,Wales
Daniel Johnson,Midfielder,12,Preston North End,28 ,Jamaica
Benik Afobe,Forward,8,Millwall,28 ,Congo DR
Dan McNamara,Midfielder,3,Millwall,22 ,England
Will Vaulks,Midfielder,7,Cardiff City,27 ,England
Carlos Mendes Gomes,Forward,4,Luton Town,0 ,Spain
Souleymane Bamba,Defender,4,Middlesbrough U23,36 ,Côte d'Ivoire
Jordan Hugill,Forward,5,West Bromwich Albion,29 ,England
James Chester,Defender,4,Stoke City,32 ,Wales
Toyosi Olusanya,Midfielder,3,Middlesbrough U23,23 ,England
Ryan Leonard,Midfielder,9,Millwall,29 ,England
George Friend,Defender,3,Birmingham City,33 ,England
Harrison Burrows,Midfielder,8,Peterborough United,19 ,England
Iván Sánchez Aguayo,Midfielder,3,Birmingham City,28 ,Spain
Dominic Solanke,Forward,10,AFC Bournemouth,23 ,England
André-Frank Zambo Anguissa,Midfielder,10,Napoli,25 ,Cameroon
Ryan Manning,Midfielder,11,Swansea City,25 ,Republic of Ireland
Alan Browne,Midfielder,9,Preston North End,26 ,Republic of Ireland
Joel Randall,Midfielder,1,Peterborough United,21 ,England
Dion Sanderson,Defender,4,Birmingham City,21 ,England
Kamil Jóźwiak,Midfielder,15,Derby County,23 ,Poland
Tyler Smith,Forward,6,Hull City,0 ,England
Matt Clarke,Midfielder,3,West Bromwich Albion,24 ,England
Richard Smallwood,Midfielder,7,Hull City,30 ,England
Thomas Kaminski,Goalkeeper,10,Blackburn Rovers,28 ,Belgium
Ayotomiwa Dele-Bashiru,Midfielder,7,Reading,21 ,England
Keshi Anderson,Forward,11,Blackpool,26 ,England
Harrison Reed,Midfielder,5,Fulham,26 ,England
Matija Šarkić,Goalkeeper,10,Birmingham City,24 ,Montenegro
Paulo Dino Gazzaniga,Goalkeeper,9,Fulham,29 ,Argentina
Flynn Downes,Midfielder,7,Swansea City,22 ,England
Pelly Ruddock Mpanzu,Midfielder,8,Luton Town,28 ,England
Kristian Pedersen,Defender,8,Birmingham City,27 ,Denmark
Mark McGuinness,Defender,1,Cardiff City,20 ,England
Dujon Sterling,Defender,3,Blackpool,21 ,England
Reda Jousef Khadra,Midfielder,3,Blackburn Rovers,20 ,Germany
James Husband,Defender,7,Blackpool,27 ,England
Nathan Byrne,Midfielder,9,Derby County,29 ,England
Adam Davies,Goalkeeper,4,Stoke City,29 ,Wales
Gustavo Hamer,Midfielder,9,Coventry City,24 ,Netherlands
Andraž Šporar,Forward,9,Middlesbrough,27 ,Slovenia
Lee Buchanan,Defender,8,Derby County,20 ,England
Nahki Wells,Forward,7,Bristol City,31 ,Bermuda
Nathaniel Chalobah,Midfielder,3,Fulham,26 ,England
Brice Samba,Goalkeeper,8,Nottingham Forest,27 ,France
Mario Vrančić,Midfielder,9,Stoke City,32 ,Bosnia and Herzegovina
Tomáš Kalas,Defender,11,Bristol City,28 ,Czech Republic
Shaun Hutchinson,Defender,4,Millwall,30 ,England
Lyle Taylor,Forward,12,Nottingham Forest,31 ,Montserrat
Josh Knight,Defender,7,Peterborough United,24 ,England
Tyrese Francois,Midfielder,4,Fulham U23,21 ,Australia
Jack Marriott,Forward,6,Peterborough United,26 ,England
George Evans,Midfielder,8,Millwall,26 ,England
George Tanner,Forward,8,Bristol City,21 ,England
Harry Souttar,Defender,9,Stoke City,22 ,Scotland
Scott High,Midfielder,2,Huddersfield Town,20 ,England
Jay Fulton,Midfielder,6,Swansea City,27 ,Scotland
Callum Connolly,Defender,6,Blackpool,23 ,England
Stefan Marius Johansen,Midfielder,9,Queens Park Rangers,30 ,Norway
Kenneth Dougall,Midfielder,9,Blackpool,28 ,Australia
Lee Peltier,Defender,5,Middlesbrough,34 ,England
Marvin Ekpiteta,Defender,7,Blackpool,26 ,England
Sam Gallagher,Forward,8,Blackburn Rovers,25 ,England
Jack Taylor,Midfielder,5,Peterborough United,23 ,England
Jack Walton,Goalkeeper,1,Barnsley,23 ,England
Leo Skiri Oestigaard,Defender,9,Stoke City,21 ,Norway
Sonny Bradley,Defender,1,Luton Town,29 ,England
Liam Walsh,Midfielder,3,Swansea City,23 ,England
Conor Coventry,Midfielder,5,Peterborough United,21 ,Republic of Ireland
Siriki Dembele,Midfielder,8,Peterborough United,25 ,England
Chris Basham,Defender,7,Sheffield United,33 ,England
Ben Wilmot,Defender,10,Stoke City,21 ,England
Leighton Clarkson,Midfielder,4,Blackburn Rovers,19 ,England
Curtis Nelson,Defender,11,Cardiff City,28 ,England
Jodi Jones,Forward,3,Coventry City,23 ,England
Jordan Gabriel,Defender,0,Nottingham Forest,22 ,England
Samuel John Bell,Forward,1,Bristol City,0 ,England
Tom Lawrence,Midfielder,7,Derby County,27 ,Wales
Nathan Thompson,Defender,8,Peterborough United,30 ,England
Josh Koroma,Midfielder,11,Huddersfield Town,22 ,England
Jérémy Bela,Midfielder,9,Birmingham City,28 ,Congo DR
Jaidon Anthony,Forward,1,AFC Bournemouth,21 ,England
Alex Mowatt,Midfielder,9,West Bromwich Albion,26 ,England
Jake Bidwell,Defender,10,Swansea City,28 ,England
Charlie Austin,Forward,7,Queens Park Rangers,32 ,England
Domingos Quina,Midfielder,3,Fulham,21 ,Portugal
Max Lowe,Defender,4,Nottingham Forest,24 ,England
Tom Huddlestone,Midfielder,3,Hull City,34 ,England
Rhys Williams,Defender,4,Swansea City,20 ,England
Darnell Furlong,Defender,9,West Bromwich Albion,25 ,England
Morgan Fox,Defender,2,Stoke City,27 ,Wales
Cedric Kipre,Defender,3,West Bromwich Albion,24 ,France
Ravel Morrison,Midfielder,9,Derby County,28 ,England
Andy Yiadom,Midfielder,11,Reading,29 ,Ghana
Josh Bowler,Midfielder,11,Blackpool,22 ,England
Jacob Brown,Forward,12,Stoke City,23 ,England
Rubin Colwill,Midfielder,3,Cardiff City,19 ,Wales
Liam Moore,Defender,8,Reading,28 ,England
Bartosz Bialkowski,Goalkeeper,9,Millwall,34 ,Poland
Kyle Bartley,Defender,9,West Bromwich Albion,30 ,England
Moses Odubajo,Defender,9,Queens Park Rangers,28 ,England
Wesley Foderingham,Goalkeeper,4,Sheffield United,30 ,England
Lewis Grabban,Forward,9,Nottingham Forest,33 ,England
Ryan Yates,Midfielder,10,Nottingham Forest,24 ,England
Conor Townsend,Defender,9,West Bromwich Albion,27 ,England
Ciaron Brown,Midfielder,6,Livingston,23 ,England
Jonson Clarke-Harris,Forward,9,Peterborough United,27 ,England
Martín Ismael Payero,Midfielder,6,Middlesbrough,22 ,Argentina
David Button,Goalkeeper,1,West Bromwich Albion,32 ,England
Ched Evans,Forward,2,Preston North End,32 ,Wales
Joe Williams,Midfielder,3,Bristol City,24 ,England
Graeme Shinnie,Defender,10,Derby County,30 ,Scotland
Joe Ralls,Midfielder,5,Cardiff City,27 ,England
Philip Zinckernagel,Forward,9,Nottingham Forest,26 ,Denmark
Jack Stacey,Midfielder,2,AFC Bournemouth,25 ,England
Matthew Smith,Midfielder,10,Hull City,21 ,Wales
Mark Beevers,Defender,3,Peterborough United,31 ,England
Dylan Willis,Midfielder,2,Derby County,0 ,England
Simon Moore,Goalkeeper,9,Coventry City,31 ,England
Adetayo Edun,Defender,6,Lincoln City,23 ,England
George Alexandru Puşcaş,Forward,13,Reading,25 ,Romania
João António Antunes Carvalho,Midfielder,5,Nottingham Forest,24 ,Portugal
Ryan Ledson,Midfielder,9,Preston North End,24 ,England
Dejan Tetek,Midfielder,6,Reading,0 ,England
Murray Wallace,Defender,11,Millwall,28 ,Scotland
Morgan Rogers,Forward,6,AFC Bournemouth,0 ,England
Declan Rudd,Goalkeeper,3,Preston North End,30 ,England
Jordan Storey,Defender,12,Preston North End,24 ,England
Junior Stanislas,Midfielder,3,AFC Bournemouth,31 ,England
Aboubakar Kamara,Forward,4,Aris,26 ,France
Hayden Carter,Defender,7,Blackburn Rovers,21 ,England
George Moncur,Midfielder,7,Hull City,28 ,England
Han-Noah Massengo,Midfielder,7,Bristol City,20 ,France
Matt Godden,Forward,5,Coventry City,30 ,England
Daniel Ballard,Defender,14,Millwall,21 ,England
Jordan Rhodes,Forward,3,Huddersfield Town,31 ,Scotland
Gabriel Osho,Defender,8,Luton Town,23 ,England
Iliman Ndiaye,Midfielder,5,Sheffield United,0 ,France
Fabio Carvalho,Midfielder,5,Fulham,19 ,England
Harry Pickering,Defender,10,Blackburn Rovers,22 ,England
Ivan Ricardo Neves Abreu Cavaleiro,Forward,11,Fulham,27 ,Portugal
Lee Nicholls,Goalkeeper,9,Huddersfield Town,28 ,England
Yan Dhanda,Forward,6,Swansea City,22 ,England
Uche Ikpeazu,Forward,8,Middlesbrough,26 ,England
Mason Bennett,Forward,3,Millwall,25 ,England
Oliver Norburn,Midfielder,8,Peterborough United,28 ,England
Ben Pearson,Midfielder,8,AFC Bournemouth,26 ,England
Joël Piroe,Forward,9,Swansea City,22 ,Netherlands
Scott Malone,Defender,10,Millwall,30 ,England
Demetri Mitchell,Midfielder,1,Blackpool,24 ,England
Jordan Williams,Defender,2,Barnsley,21 ,England
Randell Williams,Forward,4,Hull City,24 ,England
Harry Cornick,Forward,10,Luton Town,26 ,England
Martyn Waghorn,Forward,9,Coventry City,31 ,England
Sean Maguire,Forward,11,Preston North End,27 ,Republic of Ireland
Sam Johnstone,Goalkeeper,9,West Bromwich Albion,28 ,England
Jack Stretton,Defender,7,Derby County U23,0 ,England
Joe Lumley,Goalkeeper,10,Middlesbrough,26 ,England
Ryan Schofield,Goalkeeper,2,Huddersfield Town,21 ,England
Paddy McNair,Midfielder,9,Middlesbrough,26 ,Northern Ireland
Chris Martin,Forward,9,Bristol City,32 ,Scotland
Tahith Chong,Forward,8,Birmingham City,21 ,Netherlands
Aden Flint,Defender,11,Cardiff City,32 ,England
Antoine Semenyo,Forward,4,Bristol City,0 ,England
Joshua Hinds,Midfielder,1,Hull City,18 ,England
Fred Onyedinma,Forward,4,Luton Town,24 ,England
Henri Lansbury,Midfielder,8,Luton Town,30 ,England
Lewis O'Brien,Midfielder,9,Huddersfield Town,22 ,England
Lys Mousset,Forward,1,Sheffield United,25 ,France
Zak Vyner,Defender,5,Bristol City,24 ,England
Jonathan Leko,Forward,10,Charlton Athletic,22 ,England
Dan Butler,Defender,9,Peterborough United,27 ,England
Scott Sinclair,Midfielder,6,Preston North End,32 ,England
Kal Naismith,Midfielder,9,Luton Town,29 ,Scotland
Jasper Moon,Midfielder,8,Barnsley,20 ,England
Jack Colback,Midfielder,5,Nottingham Forest,31 ,England
Admiral Muskwe,Forward,8,Luton Town,23 ,England
Jerry Yates,Forward,10,Blackpool,24 ,England
Alex Mighten,Forward,2,Nottingham Forest,19 ,England
Korey Smith,Midfielder,3,Swansea City,30 ,England
Timothy Dieng,Goalkeeper,10,Queens Park Rangers,26 ,Senegal
Jonathan Howson,Midfielder,9,Middlesbrough,33 ,England
Marc Bola,Defender,6,Middlesbrough,23 ,England
James Bree,Defender,9,Luton Town,23 ,England
Callum O'Dowda,Midfielder,1,Bristol City,26 ,Republic of Ireland
Amari'i Bell,Defender,7,Luton Town,27 ,England
Jimmy Dunne,Defender,6,Queens Park Rangers,23 ,Republic of Ireland
Sander Berge,Midfielder,6,Sheffield United,23 ,Norway
Simon Sluga,Goalkeeper,9,Luton Town,28 ,Croatia
Mallik Wilks,Forward,5,Hull City,22 ,England
Victor Adeboyejo,Forward,6,Barnsley,23 ,Nigeria
Kelle Roos,Goalkeeper,9,Derby County,29 ,Netherlands
Harry Wilson,Midfielder,9,Fulham,24 ,Wales
Liam Cullen,Forward,7,Swansea City,22 ,Wales
Danny Batth,Defender,4,Stoke City,30 ,England
Tyreeq Bakinson,Midfielder,3,Bristol City,23 ,England
Kenny Tete,Defender,5,Fulham,25 ,Netherlands
Devante Cole,Forward,3,Barnsley,26 ,England
Demeaco Duhaney,Defender,3,Stoke City,22 ,England
Tyler Walker,Forward,6,Coventry City,24 ,England
Alen Halilović,Midfielder,5,Reading,25 ,Croatia
Brad Potts,Midfielder,10,Preston North End,27 ,England
Chuba Akpom,Forward,6,PAOK,25 ,England
Josh Emmanuel,Defender,4,Hull City,24 ,England
Josh Tymon,Defender,10,Stoke City,22 ,England
Ryan Longman,Midfielder,5,Hull City,20 ,England
Philip Billing,Midfielder,9,AFC Bournemouth,25 ,Denmark
Danny Drinkwater,Midfielder,2,Reading,31 ,England
Liam Kelly,Goalkeeper,12,Motherwell,25 ,Scotland
Patrick Bauer,Defender,8,Preston North End,28 ,Germany
Lewis Travis,Defender,10,Blackburn Rovers,23 ,England
Lukas Jutkiewicz,Forward,9,Birmingham City,32 ,England
Michael Rose,Defender,6,Coventry City,25 ,Scotland
Andreas Weimann,Forward,9,Bristol City,30 ,Austria
Mouhamado-Naby Sarr,Defender,6,Huddersfield Town,28 ,France
Grady Diangana,Midfielder,9,West Bromwich Albion,23 ,England
Jordan Thompson,Midfielder,10,Stoke City,24 ,Northern Ireland
Joel Latibeaudiere,Defender,8,Swansea City,21 ,England
Josh Onomah,Forward,10,Fulham,24 ,England
Andrew Hughes,Defender,12,Preston North End,29 ,Wales
Marc Roberts,Defender,8,Birmingham City,31 ,England
Ethan Hamilton,Midfielder,7,Accrington Stanley,22 ,Scotland
Harrison Chapman,Forward,7,Burton Albion,23 ,England
Darragh Lenihan,Midfielder,10,Blackburn Rovers,27 ,Republic of Ireland
Julien Da Costa,Midfielder,4,Coventry City,25 ,France
Festy Ebosele,Forward,2,Derby County,0 ,England
Ben Osborn,Midfielder,9,Sheffield United,27 ,England
Andrew Ferai Rinomhota,Midfielder,5,Reading,24 ,England
Matty James,Midfielder,9,Bristol City,30 ,England
Tom Lees,Defender,7,Huddersfield Town,30 ,England
Todd Kane,Defender,4,Coventry City,27 ,England
Joe Allen,Midfielder,10,Stoke City,31 ,Wales
Troy Deeney,Forward,6,Birmingham City,33 ,England
William Jarvis,Midfielder,1,Hull City,18 ,England
Ademipo Odubeko,Midfielder,7,West Ham United U23,18 ,England
Connor Mahoney,Midfielder,8,Millwall,24 ,England
Andy Cannon,Midfielder,6,Hull City,25 ,England
Gary Cahill,Defender,4,AFC Bournemouth,35 ,England
Levi Samuels Colwill,Defender,8,Huddersfield Town,18 ,England
Marcus Tavernier,Midfielder,7,Middlesbrough,22 ,England
Ben Sheaf,Midfielder,6,Coventry City,23 ,England
Billy Sharp,Forward,11,Sheffield United,35 ,England
Onel Lázaro Hernández Mayea,Midfielder,7,Middlesbrough,28 ,Germany
Grant Hall,Defender,7,Middlesbrough,29 ,England
Thomas Mcintyre,Defender,5,Reading,22 ,Scotland
Michael Obafemi,Forward,4,Swansea City,21 ,Republic of Ireland
Fankaty Dabo,Defender,7,Coventry City,25 ,England
Joe Worrall,Defender,5,Nottingham Forest,24 ,England
Jake Clarke-Salter,Defender,7,Coventry City,23 ,England
Louie Watson,Midfielder,4,Derby County,20 ,England
Liam Kitching,Defender,6,Barnsley,21 ,England
Gaëtan Bong Songo,Defender,3,Nottingham Forest,33 ,Cameroon
Sam Morsy,Midfielder,5,Middlesbrough,29 ,Egypt
Jake Cooper,Defender,10,Millwall,26 ,England
David McGoldrick,Forward,5,Sheffield United,33 ,Republic of Ireland
Louie Sibley,Midfielder,9,Derby County,0 ,England
Ben Brereton,Forward,10,Blackburn Rovers,22 ,England
Danny Ward,Forward,8,Huddersfield Town,30 ,England
Jamie Allen,Midfielder,12,Halifax Town,26 ,England
Ethan Laird,Defender,8,Swansea City,20 ,England
Callum O'Hare,Forward,9,Coventry City,23 ,England
Yoann Barbet,Defender,11,Queens Park Rangers,28 ,France
Aaron Ramsdale,Goalkeeper,6,Arsenal,23 ,England
Bobby Reid,Midfielder,11,Fulham,28 ,England
Phil Jagielka,Defender,7,Derby County,39 ,England
Robert Dickie,Defender,12,Queens Park Rangers,25 ,England
Michael Verrips,Goalkeeper,3,Sheffield United,24 ,Netherlands
Joe Tomlinson,Defender,2,Peterborough United,21 ,England
Mahlon Beresford Baker Romeo,Defender,8,Portsmouth,25 ,Antigua and Barbuda
Shayne Lavery,Midfielder,14,Blackpool,22 ,Northern Ireland
Alfie Jones,Goalkeeper,0,Crawley Town,20 ,England
Emil Ris Jakobsen,Forward,12,Preston North End,23 ,Denmark
Abdallah Dipo Sima,Forward,3,Stoke City,20 ,Senegal
Elijah Adebayo,Forward,8,Luton Town,23 ,England
Sorba Thomas,Forward,11,Huddersfield Town,22 ,England
Charlie Kelman,Forward,4,Gillingham,0 ,England
Cameron Pring,Defender,8,Bristol City,23 ,England
Danel Sinani,Midfielder,12,Huddersfield Town,24 ,Luxembourg
Oliver Norwood,Midfielder,10,Sheffield United,30 ,Northern Ireland
Nick Powell,Midfielder,6,Stoke City,27 ,England
Robert Atkinson,Defender,9,Bristol City,0 ,England
Loïc Mbe Soh,Forward,2,Nottingham Forest,20 ,France
Allan Campbell,Midfielder,6,Luton Town,24 ,Scotland
Morgan Gibbs-White,Midfielder,7,Sheffield United,21 ,England
Grant Ward,Midfielder,5,Blackpool,26 ,England
Luke Berry,Midfielder,4,Luton Town,29 ,England
Jacob Greaves,Defender,1,Hull City,20 ,England
Tom Smith,Defender,7,Stoke City,29 ,England
Connor Wickham,Forward,2,Preston North End,28 ,England
Benjamin Whiteman,Midfielder,11,Preston North End,25 ,England
Djed Spence,Defender,7,Nottingham Forest,21 ,England
Kasey Palmer,Midfielder,5,Bristol City,24 ,England
Richard Keogh,Defender,9,Blackpool,35 ,Republic of Ireland
Maxime Colin,Defender,9,Birmingham City,29 ,France
Josef Bursik,Goalkeeper,8,Stoke City,21 ,England
Dara O'Shea,Defender,8,West Bromwich Albion,22 ,Republic of Ireland
Thomas Ince,Midfielder,3,Stoke City,29 ,England
Jean Michaël Seri,Midfielder,9,Fulham,30 ,Côte d'Ivoire
Matt Smith,Forward,12,Millwall,32 ,England
Tobias Pereira Figueiredo,Defender,7,Nottingham Forest,27 ,Portugal
Ethan Horvath,Goalkeeper,3,Nottingham Forest,26 ,USA
Tim Ream,Defender,10,Fulham,33 ,USA
Thomas Holmes,Defender,7,Reading,21 ,England
Callum Brittain,Defender,9,Barnsley,23 ,England
Perry Ng,Defender,7,Cardiff City,25 ,England
Mark Travers,Goalkeeper,10,AFC Bournemouth,22 ,Republic of Ireland
Ronnie Edwards,Midfielder,1,Peterborough United,0 ,England
Glen Rea,Defender,5,Luton Town,27 ,Republic of Ireland
Christopher Maxwell,Goalkeeper,9,Blackpool,31 ,Wales
Mark Thomas Harris,Forward,9,Cardiff City,22 ,Wales
Matt Ingram,Goalkeeper,9,Hull City,27 ,England
Adam Smith,Defender,6,AFC Bournemouth,30 ,England
William Hondermarck,Midfielder,2,Barnsley,20 ,France
Brennan Johnson,Midfielder,1,Nottingham Forest,20 ,Wales
Viktor Gyökeres,Forward,9,Coventry City,23 ,Sweden
Callum Elder,Defender,8,Hull City,26 ,Australia
Maikel Kieftenbeld,Midfielder,10,Millwall,31 ,Netherlands
Jamal Lowe,Midfielder,9,AFC Bournemouth,27 ,England
Sam Clucas,Midfielder,11,Stoke City,30 ,England
Tyrhys Dolan,Midfielder,9,Blackburn Rovers,19 ,England
Lucas Eduardo Santos João,Forward,2,Reading,28 ,Portugal
Ilias Chair,Midfielder,11,Queens Park Rangers,23 ,Belgium
Chris Mepham,Defender,13,AFC Bournemouth,23 ,Wales
Ivan Šunjić,Midfielder,10,Birmingham City,24 ,Croatia
Enda Stevens,Defender,4,Sheffield United,31 ,Republic of Ireland
Luke Anthony Freeman,Forward,7,Sheffield United,29 ,England
James Edward Lea Siliki,Midfielder,5,Middlesbrough,25 ,France
Jonathan Hogg,Midfielder,10,Huddersfield Town,32 ,England
Aaron Leya Iseka,Forward,4,Barnsley,23 ,Belgium
Rodrigo Muniz Carvalho,Forward,1,Fulham,20 ,Brazil
Alex Scott,Forward,6,Bristol City,0 ,England
Josh Magennis,Forward,9,Hull City,31 ,Northern Ireland
Sepp van den Berg,Defender,12,Preston North End,19 ,Netherlands
John Fleck,Midfielder,11,Sheffield United,30 ,Scotland
Robin Olsen,Goalkeeper,5,Sheffield United,31 ,Sweden
Daniel Iversen,Goalkeeper,10,Preston North End,24 ,Denmark
Jayden Bogle,Defender,5,Sheffield United,21 ,England
Oluwasemilogo Adesewo Ibidapo Ajayi,Defender,8,West Bromwich Albion,27 ,Nigeria
Andy King,Midfielder,7,Bristol City,32 ,Wales
Harry Toffolo,Defender,8,Huddersfield Town,26 ,England
Ethan Briston,Midfielder,1,Reading,0 ,England
Callum Robinson,Forward,12,West Bromwich Albion,26 ,England
Oluwaseyi Babajide Ojo,Midfielder,4,Millwall,24 ,England
Reece Burke,Defender,5,Luton Town,25 ,England
Jordan Clark,Forward,4,Luton Town,27 ,England
Michael Morrison,Defender,8,Reading,33 ,England
Joe Bryan,Defender,4,Fulham,27 ,England
Juan Familio-Castillo,Midfielder,6,Birmingham City U23,21 ,Netherlands
Daniel Butterworth,Forward,4,Blackburn Rovers,21 ,England
Marlon Pack,Midfielder,9,Cardiff City,30 ,England
Lloyd Kelly,Defender,10,AFC Bournemouth,22 ,England
Clark Odour,Forward,9,Barnsley,22 ,Kenya
Greg Docherty,Midfielder,8,Hull City,24 ,Scotland
Steven Fletcher,Forward,8,Stoke City,34 ,Scotland
Sean Morrison,Defender,10,Cardiff City,30 ,England
Carlton Morris,Forward,2,Barnsley,25 ,England
Cameron Jerome,Forward,8,Luton Town,35 ,England
Saikou Janneh,Forward,1,Bristol City,0 ,England
Ryan Bennett,Defender,6,Swansea City,31 ,England
Jason Knight,Midfielder,5,Derby County,20 ,Republic of Ireland
Tom Barkhuizen,Midfielder,1,Preston North End,28 ,England
Callum Styles,Forward,10,Barnsley,21 ,England
Jamie Paterson,Forward,9,Swansea City,29 ,England
Gary Madine,Forward,3,Blackpool,31 ,England
Jordan Zemura,Defender,9,AFC Bournemouth,21 ,Zimbabwe
Ben Davies,Defender,4,Sheffield United,26 ,England
Daniel Potts,Defender,1,Luton Town,27 ,England
Danny Hylton,Forward,1,Luton Town,32 ,England
Jayden Richardson,Defender,2,Nottingham Forest,21 ,England
Gary Gardner,Midfielder,7,Birmingham City,29 ,England
Tyler Magloire,Defender,3,Blackburn Rovers,22 ,England
Alfie Doughty,Midfielder,9,Stoke City,0 ,England
Daniel Sanchez Ayala,Defender,9,Blackburn Rovers,30 ,Spain
Keane Lewis-Potter,Forward,10,Hull City,20 ,England
Antonee Robinson,Defender,12,Fulham,24 ,England
Carlos Miguel Ribeiro Dias,Midfielder,4,Nottingham Forest,28 ,Portugal
Harlee Dean,Defender,9,Birmingham City,30 ,England
James Garner,Defender,6,Nottingham Forest,20 ,England
Jake Livermore,Midfielder,9,West Bromwich Albion,31 ,England
Matt Phillips,Midfielder,9,West Bromwich Albion,30 ,Scotland
Scott Hogan,Forward,8,Birmingham City,29 ,England
Osman Kakay,Defender,8,Queens Park Rangers,24 ,England
Alfie Mawson,Defender,5,Fulham,27 ,England
Kevin Linford Stewart,Midfielder,2,Blackpool,27 ,England
Tom Bradshaw,Forward,6,Millwall,29 ,Wales
Kyle John McFadzean,Defender,9,Coventry City,34 ,England
John Buckley,Midfielder,10,Blackburn Rovers,21 ,England
Nathan Baker,Defender,8,Bristol City,30 ,England
Adlène Guédioura,Midfielder,2,Sheffield United,35 ,Algeria
George Baldock,Defender,9,Sheffield United,28 ,England
Jay Dasilva,Defender,9,Bristol City,23 ,England
Josh Benson,Midfielder,7,Barnsley,21 ,England
Zeno Ibsen Rossi,Defender,3,AFC Bournemouth,20 ,England
CJ Hamilton,Midfielder,6,Blackpool,26 ,England
Rhian Brewster,Forward,8,Sheffield United,21 ,England
Isaiah Jones,Midfielder,1,Middlesbrough,22 ,England
Thomas Sang,Defender,4,Cardiff City,22 ,England
Ryan Wintle,Midfielder,7,Blackpool,24 ,England
Denis Odoi,Defender,6,Fulham,33 ,Belgium
John Swift,Midfielder,9,Reading,26 ,England
Kieron Evans,Defender,2,Cardiff City,19 ,Wales
Emiliano Marcondes Camargo Hansen,Midfielder,7,AFC Bournemouth,26 ,Denmark
Aapo Halme,Defender,6,Barnsley,23 ,Finland
Conor Hourihane,Midfielder,7,Sheffield United,30 ,Republic of Ireland
Reece James,Defender,9,Chelsea,21 ,England
Duncan Watmore,Midfielder,5,Middlesbrough,27 ,England
Dael Fry,Midfielder,9,Middlesbrough,24 ,England
Aleksandar Mitrović,Forward,14,Fulham,26 ,Serbia
Scott McKenna,Defender,11,Nottingham Forest,24 ,Scotland
Kenneth Dahrup Zohorè,Forward,3,West Bromwich Albion,27 ,Denmark
Dominik Frieser,Midfielder,9,Barnsley,27 ,Austria
Joe Rothwell,Midfielder,10,Blackburn Rovers,26 ,England
Oviemuno Dominic Ejaria,Midfielder,4,Reading,23 ,England
Josh Murphy,Forward,6,Preston North End,26 ,England
Alistair McCann,Midfielder,17,St. Johnstone,21 ,Scotland
Jed Wallace,Midfielder,9,Millwall,27 ,England
Danny Simpson,Defender,3,Bristol City,34 ,England
Oliver Turton,Defender,11,Huddersfield Town,28 ,England
Oliver Burke,Midfielder,5,Sheffield United,24 ,Scotland
Duane Holmes,Midfielder,9,Huddersfield Town,26 ,USA
Leandro Bacuna,Midfielder,13,Cardiff City,30 ,Curaçao
Alexandre Nascimento Costa Silva,Forward,1,Nottingham Forest,24 ,Portugal
Curtis Davies,Defender,9,Derby County,36 ,England
Matt Grimes,Midfielder,10,Swansea City,26 ,England
Joe Lolley,Forward,6,Nottingham Forest,29 ,England
Femi Azeez,Midfielder,4,Reading,0 ,England
Max Bird,Midfielder,9,Derby County,20 ,England
Dillon Phillips,Goalkeeper,9,Cardiff City,26 ,England
Richard Stearman,Defender,5,Derby County,34 ,England
Cauley Woodrow,Forward,10,Barnsley,26 ,England
Morgan Whittaker,Forward,6,Swansea City,20 ,England
Chris Willock,Forward,11,Queens Park Rangers,23 ,England
Josh Laurent,Midfielder,9,Reading,26 ,England
Josh Coburn,Midfielder,4,Middlesbrough U23,0 ,England
David Junior Hoilett,Forward,12,Reading,31 ,Canada
Jefferson Andrés Lerma Solís,Midfielder,5,AFC Bournemouth,26 ,Colombia
Tyrese Momodu Fornah,Midfielder,4,Nottingham Forest U23,22 ,England
Josh Earl,Midfielder,7,Preston North End,22 ,England
Kyle Naughton,Defender,8,Swansea City,32 ,England
Ryan Allsop,Goalkeeper,4,Derby County U23,29 ,England
Brandon Cooper,Defender,7,Swansea City,21 ,Wales
Peter Kioso,Defender,7,Milton Keynes Dons,0 ,Congo DR
Samuel Szmodics,Midfielder,6,Peterborough United,25 ,England
Romaine Theodore Sawyers,Midfielder,11,Stoke City,29 ,St. Kitts and Nevis
Jacob Davenport,Midfielder,6,Blackburn Rovers,22 ,England
Jorge Grant,Defender,8,Peterborough United,26 ,England
Dominic Ball,Defender,11,Queens Park Rangers,26 ,England
Finley Back,Midfielder,2,Nottingham Forest,18 ,England
Matty Crooks,Midfielder,9,Middlesbrough,27 ,England
Colin Kazim-Richards,Forward,3,Derby County,35 ,Turkey
Tom Lockyer,Defender,6,Luton Town,26 ,Wales
Ørjan Håskjold Nyland,Goalkeeper,3,AFC Bournemouth,30 ,Norway
Ian Maatsen,Defender,10,Coventry City,19 ,Netherlands
Steven Benda,Goalkeeper,7,Swansea City,22 ,Germany
Lewie Coyle,Defender,9,Hull City,25 ,England
Andre Gray,Forward,4,Queens Park Rangers,30 ,England
Robert Snodgrass,Midfielder,4,West Bromwich Albion U23,33 ,Scotland
Lyndon Dykes,Forward,14,Queens Park Rangers,25 ,Australia
Benjamin Cabango,Defender,9,Swansea City,21 ,Wales
Tyreece John-Jules,Forward,10,Blackpool,20 ,England
Luke Southwood,Goalkeeper,4,Reading,23 ,England
Christy Pym,Goalkeeper,7,Peterborough United,26 ,England
David Brooks,Forward,8,AFC Bournemouth,24 ,England
Craig Forsyth,Defender,7,Derby County,32 ,Scotland
David Cornell,Goalkeeper,3,Peterborough United,30 ,Wales
Greg Cunningham,Defender,5,Preston North End,30 ,Republic of Ireland
Bradley Collins,Goalkeeper,9,Barnsley,24 ,England
Tom Eaves,Forward,4,Hull City,29 ,England
Di'Shon Bernard,Midfielder,6,Hull City,20 ,England
Albert Danquah Adomah,Midfielder,6,Queens Park Rangers,33 ,Ghana
Joel Bagan,Defender,9,Cardiff City,20 ,England
Jordy de Wijs,Defender,9,Queens Park Rangers,26 ,Netherlands
John Egan,Defender,12,Sheffield United,28 ,Republic of Ireland
Luke Garbutt,Defender,10,Blackpool,28 ,England
Michal Helik,Defender,14,Barnsley,25 ,Poland
Rafael Cabral Barbosa,Goalkeeper,6,Reading,31 ,Brazil
James Collins,Forward,16,Cardiff City,30 ,England
Leif Davis,Defender,5,AFC Bournemouth,21 ,England
Matthew Pearson,Defender,10,Huddersfield Town,28 ,England
Oliver McBurnie,Forward,11,Sheffield United,25 ,Scotland
Ian Poveda,Midfielder,2,Blackburn Rovers,21 ,England
Liam Lindsay,Defender,4,Preston North End,25 ,Scotland
George Honeyman,Midfielder,1,Hull City,26 ,England
George Saville,Midfielder,14,Millwall,28 ,England
Ben Hamer,Goalkeeper,5,Swansea City,33 ,England
Toby Sibbick,Defender,8,Barnsley,22 ,England
Jules Olivier Ntcham,Midfielder,4,Swansea City,25 ,France
Lee Wallace,Defender,4,Queens Park Rangers,34 ,Scotland
Daniel Bentley,Goalkeeper,9,Bristol City,28 ,England
George Thomas,Midfielder,7,Queens Park Rangers,24 ,Wales
Rhys Norrington-Davies,Defender,7,Sheffield United,22 ,Wales
Anfernee Dijksteel,Midfielder,8,Middlesbrough,24 ,Netherlands
Kieffer Moore,Midfielder,13,Cardiff City,29 ,England
